english	ukrainian	gender	note
Disney Dreamlight Valley	Disney Dreamlight Valley	-	game title/logo only — keep Latin; in prose use «Долина Сновидінь»
Dreamlight Valley	Долина Сновидінь	f	"fixed; ""the Valley"" = «Долина» (capitalized)"
Valley	Долина	f	= Dreamlight Valley; capitalized
Heart of Dreamlight Valley	Серце Долини Сновидінь	n	
Dreamlight	Дрімлайт	m	magic + currency; declines as m (500 Дрімлайту, магія Дрімлайту); see notes
Dreamlight Magic	магія Дрімлайту	f	
Dreamlight Duties	Обов'язки Дрімлайту	pl	
Dreamlight Library	Бібліотека Дрімлайту	f	
Dreamlight Tree	Дерево Дрімлайту	n	
Dreamlight Trees	Дерева Дрімлайту	pl	
Dreamlight Tree Seed	Насінина Дерева Дрімлайту	f	
Dreamlight Fruit	Плід Дрімлайту	m	
Dreamlight Magnifier	Лупа Дрімлайту	f	
Dreamlight Day	День Дрімлайту	m	
Dreamlight Parks Fest	Фестиваль парків Дрімлайту	m	
Parks Fest	Фестиваль парків	m	
Dreamlight for Days	Дрімлайту — хоч греблю гати	-	"achievement; idiom = ""loads of it"""
Dreamscape	Країна снів	f	
Village	Долина	f	the Valley's village = the Valley itself (as the Russian does); «жителі Долини»
Valley Villager	житель Долини	m	
Valley Villagers	жителі Долини	pl	
Villager	житель	m	pl жителі; lowercase in prose
Eternity Isle	Острів Вічності	m	fixed
The Storybook Vale	Казкова долина	f	DLC region; «долина» lowercase so it never clashes with «Долина» (= Dreamlight Valley)
Storybook Vale	Казкова долина	f	
Everafter	Вічноказка	f	"Storybook Vale fairy-tale realm (у Вічноказці, з Вічноказки); from ""happily ever after"""
Neverafter	Лихоказка	f	force of unhappy endings, antonym of Вічноказка (з Лихоказки)
Mythopia	Міфопія	f	у Міфопії
The Bind	Палітурка	f	hub of the Storybook Vale; pun: book-binding = палітурка (у Палітурці)
Binding Spell	Скріплювальне закляття	n	
The Unwritten Realms	Ненаписані світи	pl	
Unwritten Realms	Ненаписані світи	pl	
Realm	Світ	m	Disney realm behind a Dream Castle door
Realms	Світи	pl	
Floating Islands	Летючі острови	pl	
Dream Castle	Замок Мрій	m	
Here and There	Тут-і-Там	n	the realm/space the Fox comes from; indeclinable, in quotes: з «Тут-і-Там»
Here and There Fox	Лис із «Тут-і-Там»	m	
Here and There Spirit	Дух із «Тут-і-Там»	m	
The Forgotten	Забуті	pl	speaker: n/a (group); a single one = Забутий
Night Thorns	Нічні терни	pl	
Night Thorn	Нічний терен	m	
Giant Night Thorns	Велетенські нічні терни	pl	
Night Mites	Нічні кліщики	pl	
Night Shard	Нічний осколок	m	
Night Shards	Нічні осколки	pl	
Purified Night Shards	Очищені нічні осколки	pl	
Purified Night Shard	Очищений нічний осколок	m	
Dream Shards	Осколки мрій	pl	
Dark Magic	Темна магія	f	
Dark Entity	Темна сутність	f	
Spark of Imagination	Іскра Уяви	f	
Story Magic	Магія історій	f	
Storybook Magic	Казкова магія	f	currency
Wish Magic	Магія бажань	f	
Touch of Magic	Дотик магії	m	
Heart of Stories	Серце Історій	n	
Fear Essence	Есенція страху	f	
Minor Essences	Малі есенції	pl	
Memories	Спогади	pl	quest items
Memory Pieces	Фрагменти спогадів	pl	
Dazzle Beach	Сліпучий пляж	m	
Frosted Heights	Засніжені висоти	pl	
Sunlit Plateau	Сонячне плато	n	
Forgotten Lands	Забуті землі	pl	
Glade of Trust	Поляна Довіри	f	
Peaceful Meadow	Мирна галявина	f	
Forest of Valor	Ліс Доблесті	m	
Plaza	Площа	f	
Beach Island	Сліпучий острів	m	island = biome adjective + острів
Forest Island	Острів Доблесті	m	
Meadow Island	Мирний острів	m	
Sunlit Island	Сонячний острів	m	
Frosted Island	Засніжений острів	m	
Plaza Island	Острів Площі	m	
Glade Island	Острів Довіри	m	
Forgotten Island	Забутий острів	m	
Ancient Island	Давній острів	m	
Glittering Island	Блискучий острів	m	
Tangled Island	Острів Диких Хащів	m	
Everafter Island	Острів Вічноказки	m	
Mythopia Island	Острів Міфопії	m	
The Bind Island	Острів Палітурки	m	
Mystery Island	Таємничий острів	m	
Moontide Island	Острів Місячного Припливу	m	
Moontide Glow	Сяйво Місячного Припливу	n	
Glowing Algae	Сяйливі водорості	pl	
Dog Pound	Собачий притулок	m	
Mystical Cave	Містична печера	f	
Ice Cavern	Крижана печера	f	
Crystal Cavern	Кришталева печера	f	
Crystal Key	Кришталевий ключ	m	
Cursed Cave	Проклята печера	f	
Dark Castle	Темний замок	m	
Dark Grove	Темний гай	m	
Dark Portal	Темний портал	m	
Secluded Beach	Відлюдний пляж	m	
Sacred Spring	Священне джерело	n	
Water Tower	Водонапірна вежа	f	
Chez Remy	«У Ремі»	-	restaurant name, keep quotes: у ресторані «У Ремі»
Chez Remy Mobile	«У Ремі» на колесах	-	
Remy's Restaurant	Ресторан Ремі	m	
Scrooge's Store	Магазин Скруджа	m	
General Store	Магазин	m	Scrooge McDuck's General Store = Магазин Скруджа Макдака
Goofy's Stall	Ятка Гуфі	f	stall = ятка
Gem Stall	Ятка самоцвітів	f	
Tiana's Meal Stall	Закусочна Тіани	f	
Tiana's Palace	Палац Тіани	m	
Lost-and-Found Kiosk	Бюро знахідок	n	
Mickey's House	Будинок Міккі	m	pattern: X's House = Будинок X (Будинок Гуфі, Будинок Мінні...)
Minnie's House	Будинок Мінні	m	
Goofy's House	Будинок Гуфі	m	
Donald's House	Будинок Дональда	m	
Daisy's House	Будинок Дейзі	m	
Remy's House	Будинок Ремі	m	
Pooh's House	Будинок Пуха	m	
Piglet's House	Будинок П'ятачка	m	
Tigger's House	Будинок Тигри	m	
Busy Bees' House	Будиночок Бджілок-трудівниць	m	
Fairy Godmother's House	Будинок Хрещеної феї	m	
Rapunzel's Tower	Вежа Рапунцель	f	
Beast's Castle	Замок Звіра	m	
Beast's Greenhouse	Теплиця Звіра	f	
West Wing	Західне крило	n	
Scar's Cave	Печера Шрама	f	
Skull Rock	Скеля-Череп	f	
Pride Rock	Скеля Прайду	f	
Elephant Graveyard	Слоняче кладовище	n	
Lioness Statues	Статуї левиць	pl	
Cave of Wonders	Печера Чудес	f	
South Market	Південний ринок	m	
Artisans' District	Квартал ремісників	m	
Pocahontas's Yehakin	Єгакін Покахонтас	m	
Mini-Casita	Міні-Касіта	f	
Never Land	Небувалія	f	Peter Pan's island (у Небувалії)
Never Land River	Річка Небувалії	f	
Halloween Town	Місто Гелловіну	n	
Enchanted Forest	Зачарований ліс	m	
Giant Willow	Велетенська верба	f	
Giant Willow Tree	Велетенська верба	f	
Queen's Garden	Сад Королеви	m	
Laugh Floor	Поверх Сміху	m	Monsters, Inc.
Remote Headquarters	Віддалений штаб	m	Inside Out
Headquarters	Штаб	m	Inside Out
Long Term Memory	Довготривала пам'ять	f	
Dream Productions	«Студія снів»	f	Inside Out
Dream Production	«Студія снів»	f	
Imagination Land Arch	Арка Країни Уяви	f	
Stardust Port	Порт Зоряного Пилу	m	
Honored Place	Почесне місце	n	
Thoughtful Spot	Місце для роздумів	n	Pooh
Ancient's Landing	Пристань Давніх	f	Ancient(s) = Давній/Давні throughout Eternity Isle
The Ancients	Давні	pl	the vanished civilization
Ancients	Давні	pl	
Glittering Dunes	Блискучі дюни	pl	
Wild Tangle	Дикі хащі	pl	у Диких хащах
The Docks	Причал	m	
The Courtyard	Внутрішній двір	m	
The Overlook	Оглядовий майданчик	m	
The Ruins	Руїни	pl	
Ancient Ruins	Давні руїни	pl	
The Plains	Рівнини	pl	
The Wastes	Пустища	pl	
The Oasis	Оаза	f	
The Borderlands	Прикордоння	n	
Vitalys Mines	Шахти Віталіс	pl	
Vitalys Crystals	Кристали Віталіс	pl	
Vitalys Crystal	Кристал Віталіс	m	
Time Rift	Часовий розлом	m	
Time Rifts	Часові розломи	pl	
Jewel of Time	Коштовність Часу	f	
Timebending	Викривлення часу	n	
Timebending Table	Стіл викривлення часу	m	
Timebending Part	Деталь викривлення часу	f	
Royal Hourglass	Королівський пісочний годинник	m	
Hourglass	Пісочний годинник	m	
Old Ruler	Старий Правитель	m	
Old Ruler's Lost Diaries	Загублені щоденники Старого Правителя	pl	
Ancient Core	Давнє ядро	n	
Cores	Ядра	pl	
Ancient Parts	Давні деталі	pl	
Ancient Machine	Давній механізм	m	
Ancient Door	Давні двері	pl	
Ancient Gemstones	Давні самоцвіти	pl	
Ancient Civilization	Давня цивілізація	f	
Scarab Key	Ключ-скарабей	m	
Earth Giant	Земляний велетень	m	
Sun Core	Сонячне ядро	n	
Sun's Scroll	Сувій Сонця	m	
Sunlight Torches	Смолоскипи сонячного світла	pl	
Dawn Fragment	Уламок Світанку	m	
Dusk Fragment	Уламок Сутінків	m	
Wild Woods	Дикі ліси	pl	
The Wild Woods	Дикі ліси	pl	
The Wolf of the Wilds	Вовк із Диких лісів	m	speaker: male (Flynn under a curse)
Teapot Falls	Чайниковий водоспад	m	
The Fallen Fortress	Занепала фортеця	f	
Fallen Fortress	Занепала фортеця	f	
The Beanstalk Marshes	Болота Бобового Стебла	pl	
The Grasslands	Луки	pl	
The Promenade	Променад	m	
The Grove	Гай	m	
The Lagoon	Лагуна	f	
The Library of Lore	Бібліотека Знань	f	
Library of Lore	Бібліотека Знань	f	
The Elysian Fields	Єлисейські поля	pl	
Elysian Fields	Єлисейські поля	pl	
The Fiery Plains	Вогняні рівнини	pl	
The Statue's Shadow	Тінь Статуї	f	
Mount Olympus	Гора Олімп	f	
Everywhere	Скрізь	-	map filter
Fairy Tale Trial	Казкове випробування	n	
Mythic Trial	Міфічне випробування	n	
The Chronicles	Хроніки	pl	
Rock Spots	Рудні жили	pl	mining spots
Wishblossom	Квітка Бажань	f	the wish flower; pl Квітки Бажань; in place names «Квітучих Бажань»
Wishblossoms	Квітки Бажань	pl	
Wishblossom Ranch	Ранчо Квітучих Бажань	n	indeclinable «ранчо»
Wishblossom Mountains	Гори Квітучих Бажань	pl	
Wishblossom Fair	Ярмарок Квітучих Бажань	m	
Wishblossom Heart	Серце Квітучих Бажань	n	
Wishblossom Horse	Кінь Квітучих Бажань	m	
Ranch Highlands	Високогір'я ранчо	n	
Silver Summit	Срібна вершина	f	
Delver Dale	Долина Дослідників	f	keeps the D-D alliteration
Wishing Way	Шлях Бажань	m	
Wishing Alps	Альпи Бажань	pl	
Wishing Well	Криниця бажань	f	
Careblossom	Квітка Турботи	f	pl Квітки Турботи
Careblossom Topiary	Топіарій «Квітка Турботи»	m	
Glamour Gulch	Гламурна ущелина	f	Cruella's region (у Гламурній ущелині)
De Vil Moor	Пустище Де Віль	n	Cruella's name for Glamour Gulch
Runway River	Річка Подіум	f	
Paisley Park	Парк Пейслі	m	
Modish Marsh	Модні мочари	pl	keeps the M-M alliteration; мочари = marshland
Haute Plateau	Плато От-кутюр	n	
Pixie Acres	Угіддя фей	pl	Tinker Bell region
Pixie Flats	Рівнини фей	pl	
Sundae Shores	Пломбірні береги	pl	
Pixie Dust	Пилок фей	m	
Pixie Dust Orbs	Кулі пилку фей	pl	
Honeyglow Woods	Медосяйний ліс	m	Pooh region; honey + glow
Honeyglow Tales	Медосяйні історії	pl	
Hundred-Acre Fields	Стоакрові поля	pl	from «Стоакровий ліс» (Hundred Acre Wood)
Hundred Acre Wood	Стоакровий ліс	m	
Hunny Falls	Медовий водоспад	m	
Drowsybloom Acre	Дрімоцвітний лан	m	
Gloommeadow	Похмурий луг	m	Eeyore's gloomy spot
Braveheart Grove	Гай Хороброго Серця	m	
Nectar Apiary	Нектарна пасіка	f	
Everoak Tree	Вічнодуб	m	ever + oak
Sun-Glow Honey	Сонцесяйний мед	m	
Sun-Glow Honeypot	Горщик сонцесяйного меду	m	
Golden Honey	Золотий мед	m	
Pooh Sticks	Пухопалички	pl	the stick-race game
Mickey Mouse	Міккі Маус	m	speaker: male
Mickey	Міккі	m	speaker: male; indeclinable
Minnie Mouse	Мінні Маус	f	speaker: female
Minnie	Мінні	f	speaker: female; indeclinable
Goofy	Гуфі	m	speaker: male; indeclinable
Donald Duck	Дональд Дак	m	speaker: male
Donald	Дональд	m	speaker: male
Daisy	Дейзі	f	speaker: female; indeclinable
Pluto	Плуто	m	dog companion; indeclinable (never «Плутон»)
Scrooge McDuck	Скрудж Макдак	m	speaker: male
Scrooge	Скрудж	m	speaker: male
Uncle Scrooge	дядько Скрудж	m	speaker: male
Oswald	Освальд	m	speaker: male
Oswald the Lucky Rabbit	Щасливий кролик Освальд	m	franchise tag
Merlin	Мерлін	m	speaker: male
Aladdin	Аладдін	m	speaker: male
Jasmine	Жасмин	f	speaker: female
Jafar	Джафар	m	speaker: male
Rajah	Раджа	m	tiger companion; male
Magic Carpet	Чарівний килим	m	companion
Alice	Аліса	f	speaker: female
Sad Alice	Сумна Аліса	f	speaker: female
Cheshire Cat	Чеширський Кіт	m	speaker: male
Beast	Звір	m	speaker: male (kept from old glossary; film title stays «Красуня і Чудовисько»)
The Beast	Звір	m	speaker: male
Belle	Белль	f	speaker: female; indeclinable
Mademoiselle Belle	мадемуазель Белль	f	
Cogsworth	Когсворт	m	speaker: male
Lumiere	Люм'єр	m	speaker: male
Gaston	Гастон	m	speaker: male
His Highness	Його Високість	f	= the Beast (as servants say it); agree verbs with the male Beast
Merida	Меріда	f	speaker: female
Clan DunBroch	клан Данброх	m	
Cinderella	Попелюшка	f	speaker: female
Fairy Godmother	Хрещена фея	f	speaker: female
The Fairy Godmother	Хрещена фея	f	speaker: female
Lucifer	Люцифер	m	cat companion; male
Cruella	Круелла	f	speaker: female
Cruella De Vil	Круелла Де Віль	f	speaker: female
Rude Raccoon	Єнот-грубіян	m	speaker: male
Here and There Raccoon	Єнот із «Тут-і-Там»	m	speaker: male
Glitchy Arcade Machine	Глюкавий ігровий автомат	m	speaker: male (object)
Pirate Parrot	Піратський папуга	m	speaker: male
Quiz Master	Ведучий вікторини	m	speaker: male
Maleficent	Малефісента	f	speaker: female
Maleficent's Raven	Ворон Малефісенти	m	speaker: male
Mistress of All Evil	Володарка всього зла	f	= Maleficent
Palace Raven	Палацовий ворон	m	speaker: male
Aurora	Аврора	f	speaker: female
Princess Aurora	принцеса Аврора	f	speaker: female
Flora	Флора	f	speaker: female
Fauna	Фауна	f	speaker: female
Merryweather	Меррівезер	f	speaker: female; indeclinable
Mama BallOOn	Мама-Кулька	f	speaker: female; balloon family: Мама-Кулька / Тато-Кулька / Сестричка-Кулька
Papa BallOOn	Тато-Кулька	m	speaker: male
Sister BallOOn	Сестричка-Кулька	f	speaker: female
Red BallOOn	Червона Кулька	f	speaker: female (inferred)
Hedgehog	Їжак	m	speaker: male
The Lorekeeper	Хранителька легенд	f	speaker: female
Lorekeeper	Хранителька легенд	f	speaker: female
Lorekeeper Tales	Оповіді Хранительки легенд	pl	
Deep Dark Secret Goose	Гуска Глибокої Темної Таємниці	f	speaker: female
Boss Monkey	Мавпа-ватажок	f	speaker: male (noun is f: «Мавпа-ватажок сказав» — agree with the character)
Strange Mirror	Дивне дзеркало	n	speaker: male (inferred; use m verbs)
Oogie Boogie	Угі-Бугі	m	speaker: male; indeclinable
Pegasus	Пегас	m	horse; male
Peter Pan	Пітер Пен	m	speaker: male; NEVER Петро
Peter Pan's Shadow	Тінь Пітера Пена	f	silent; noun f
Tinker Bell	Дзвіночок	m	speaker: female; noun declines as m (Дзвіночка) but agree verbs/adjectives as female: «фея Дзвіночок сказала»
Lost Boys	Загублені хлопчики	pl	
Jade Skulls	Нефритові черепи	pl	speaker: male plural (pirate skulls)
Moana	Моана	f	speaker: female
Moana's Boat	Човен Моани	m	
Maui	Мауї	m	speaker: male; indeclinable
Heihei	Хей-Хей	m	rooster companion
Pua	Пуа	m	piglet companion
Rabbit	Кролик	m	speaker: male (Pooh's Rabbit)
Mister Snugglepaws	Містер Обіймилапка	m	speaker: male (a skunk); Обіймилапки in oblique cases
Magic Quill	Чарівне перо	n	speaker: male (use m verbs)
Singing Daffodil	Співочий нарцис	m	speaker: male (inferred)
Professor Mouffette	Професор Муфетт	m	speaker: male (skunk)
Curious Flower	Допитлива квітка	f	speaker: female
Flower	Квітка	f	speaker: female
Pencil Bird	Пташка-олівець	f	speaker: female (inferred)
The Typewriter	Друкарська машинка	f	speaker: female (game speaker data)
Wishblossom of Ambition	Квітка Бажань Амбіцій	f	speaker: male (game speaker data) — first-person forms masculine; the noun stays f in 3rd person (Квітка сказала)
Wishblossom of Dreams	Квітка Бажань Мрій	f	speaker: male (game speaker data) — first-person forms masculine; the noun stays f in 3rd person (Квітка сказала)
Wishblossom of Hope	Квітка Бажань Надії	f	speaker: male (game speaker data) — first-person forms masculine; the noun stays f in 3rd person (Квітка сказала)
Fading Wishblossom	Зів'яла Квітка Бажань	f	speaker: male (game speaker data) — first-person forms masculine; the noun stays f in 3rd person (Квітка сказала)
Giant Wishblossom	Велетенська Квітка Бажань	f	speaker: male (game speaker data) — first-person forms masculine; the noun stays f in 3rd person (Квітка сказала)
Mirabel	Мірабель	f	speaker: female
Anna	Анна	f	speaker: female
Elsa	Ельза	f	speaker: female
Kristoff	Крістоф	m	speaker: male
Olaf	Олаф	m	speaker: male
Sven	Свен	m	reindeer companion; male
Hades	Аїд	m	speaker: male
Hercules	Геркулес	m	speaker: male
Phil	Філ	m	speaker: male
Joy	Радість	f	speaker: female
Sadness	Сум	m	speaker: female (noun is m; agree verbs with the female character: «Сум сказала»)
Lady	Леді	f	speaker: female; indeclinable
Tramp	Блудько	m	speaker: male (Ukrainian dub name)
Jim Dear	Любий Джим	m	Lady's owner; nickname
Ariel	Аріель	f	speaker: female
Prince Eric	принц Ерік	m	speaker: male
Ursula	Урсула	f	speaker: female
Sea Witch	Морська відьма	f	= Ursula
Stitch	Стіч	m	speaker: male
Nala	Нала	f	speaker: female
Pumbaa	Пумба	m	speaker: male
Scar	Шрам	m	speaker: male
Simba	Сімба	m	speaker: male
Timon	Тімон	m	speaker: male
Rafiki	Рафікі	m	male
Mike Wazowski	Майк Вазовскі	m	speaker: male
Sulley	Саллі	m	speaker: male (Monsters, Inc.)
Boo	Бу	f	girl from Monsters, Inc.
Mulan	Мулан	f	speaker: female
Mushu	Мушу	m	speaker: male
Jack Skellington	Джек Скеллінгтон	m	speaker: male
Pumpkin King	Гарбузовий Король	m	= Jack
Sally	Селлі	f	speaker: female (Nightmare Before Christmas); «Селлі», not «Саллі», so she never collides with Sulley
Zero	Зеро	m	ghost dog; indeclinable
Tinker Bell Capybara	Капібара Дзвіночок	f	
Pocahontas	Покахонтас	f	speaker: female
Meeko	Міко	m	raccoon companion
Percy	Персі	m	dog companion
Tiana	Тіана	f	speaker: female
Little Louis	Малий Луї	m	alligator; male
La Dame Blanche	Біла Пані	f	spirit; female
Ralph	Ральф	m	speaker: male
Wreck-It Ralph	Ральф-руйнівник	m	character epithet AND film/realm tag (one form)
Vanellope	Ванеллопа	f	speaker: female
Vanellope von Schweetz	Ванеллопа фон Кекс	f	speaker: female
Fix-It Felix Jr.	Фелікс-майстер молодший	m	speaker: male
Remy	Ремі	m	speaker: male; indeclinable
Snow White	Білосніжка	f	speaker: female
Flynn	Флін	m	speaker: male
Flynn Rider	Флін Райдер	m	speaker: male
Mother Gothel	Мати Готель	f	speaker: female
Rapunzel	Рапунцель	f	speaker: female; indeclinable
Maximus	Максимус	m	horse; male
Buzz Lightyear	Базз Рятівник	m	speaker: male (Ukrainian dub name)
Buzz	Базз	m	speaker: male
Woody	Вуді	m	speaker: male
Space Ranger	космічний рейнджер	m	
Space Rangers	космічні рейнджери	pl	
Star Command	Зоряне командування	n	
Alien Toys	Іграшкові прибульці	pl	
EVE	ЄВА	f	speaker: female
WALL·E	ВОЛЛ·І	m	speaker: male
Winnie the Pooh	Вінні Пух	m	speaker: male
Pooh Bear	ведмедик Пух	m	speaker: male
Pooh	Пух	m	speaker: male
Eeyore	Іа-Іа	m	speaker: male; indeclinable
Piglet	П'ятачок	m	speaker: male
Tigger	Тигра	m	speaker: male (Тигри, Тигрі)
Christopher Robin	Крістофер Робін	m	speaker: male
Dinah	Діна	f	cat companion
Figaro	Фігаро	m	cat companion
Lucky	Лакі	m	Dalmatian puppy; name, not «Щасливий»
Max	Макс	m	dog companion
Nana	Нана	f	dog companion
Khan	Хан	m	horse companion
Star Coin	Зоряна монета	f	
Star Coins	Зоряні монети	pl	
Moonstone	Місячний камінь	m	
Moonstones	Місячні камені	pl	
Daisy Coin	Монета Дейзі	f	
Daisy Coins	Монети Дейзі	pl	
Dust	Пил	m	
Pixel Dust	Піксельний пил	m	
Heart	Серце	n	
Hearts	Серця	pl	
Mist	Туман	m	Eternity Isle currency
Mists	Тумани	pl	
Shards	Осколки	pl	character-unlock shards: Осколки X
Boo Shards	Осколки Бу	pl	
Bo Peep Shards	Осколки Бо Піп	pl	
Mickey Mouse Shards	Осколки Міккі Мауса	pl	
Minnie Mouse Shards	Осколки Мінні Маус	pl	
Olaf Shards	Осколки Олафа	pl	
Rafiki Shards	Осколки Рафікі	pl	
Shank Shards	Осколки Шенк	pl	Shank = racer from Ralph Breaks the Internet (female)
Wish Token	Жетон бажань	m	
Wish Tokens	Жетони бажань	pl	
Event Tokens	Жетони події	pl	
Gifts	Подарунки	pl	
Tickets	Квитки	pl	
Lucky Wheel	Колесо удачі	n	
Lucky Wheel Ticket	Квиток Колеса удачі	m	
Star Path	Зоряний шлях	m	
Disney Parks Star Path	Зоряний шлях «Парки Disney»	m	
Event Board	Дошка подій	f	
Event Duties	Обов'язки події	pl	
Premium Shop	Преміум-магазин	m	
Photo Mode	Фоторежим	m	
Friendship Level	Рівень дружби	m	
Best Friend	Найкращий друг	m	
Friendship Ball	Бал Дружби	m	
Crafting Station	Станція для виготовлення	f	
Uncrafting Station	Станція розбирання	f	
Cooking Station	Кулінарна станція	f	
Valley Visits	Відвідини Долини	pl	
Valley Visit Station	Станція відвідин	f	
Visit Station	Станція відвідин	f	
Do-Gooder Trophy	Трофей Добродія	m	
Grand Exhibition	Велика виставка	f	
Floating Festival	Плавучий фестиваль	m	
Haunted Floating Festival	Моторошний Плавучий фестиваль	m	
Winter Floating Festival	Зимовий Плавучий фестиваль	m	
Floating Festival Pouch	Торбинка Плавучого фестивалю	f	
Diorama	Діорама	f	
Decor Preset	Шаблон декору	m	
Memory	Спогад	m	
Quest	Завдання	n	in UI; «квест» is not used
Quests	Завдання	pl	
Inventory	Інвентар	m	
Backpack	Рюкзак	m	
Wardrobe	Гардероб	m	
Snippet	Клаптик	m	Storybook Vale critter-snippets; pl Клаптики
Snippets	Клаптики	pl	
Bird Snippet	Пташиний клаптик	m	
Frog Snippet	Жаб'ячий клаптик	m	
Frog Snippets	Жаб'ячі клаптики	pl	
Demon Snippet	Чортячий клаптик	m	"kid-friendly ""demon"""
Dream Style	Стиль мрії	m	
Dream Styles	Стилі мрії	pl	
Showcase Stream	трансляція-презентація	f	
Team Feed	Стрічка команди	f	
DreamTeams	DreamTeams	-	brand feature name — keep Latin
Virtual Items	Віртуальні предмети	pl	
User Content	Вміст користувачів	m	
Your Content	Твій вміст	m	
Community Safety	Безпека спільноти	f	
Privacy Policy	Політика конфіденційності	f	
Customer Care	Служба підтримки	f	
Contact Customer Care	Зв'язатися зі службою підтримки	-	
Main Menu	Головне меню	n	
House Bundle	Набір будинку	m	
Furniture Update	Оновлення меблів	n	
Clothing Update	Оновлення одягу	n	
Grand Opening	Урочисте відкриття	n	
Limited-Time Deals	Пропозиції з обмеженим часом	pl	
Seafood Meals	Страви з морепродуктів	pl	
Star Meals	зіркові страви	pl	1-Star Meals = страви на 1 зірку
Meet and Greet	Зустріч із шанувальниками	f	
Royal Tools	Королівські інструменти	pl	
Royal Tool	Королівський інструмент	m	
Royal Pickaxe	Королівська кирка	f	
Pickaxe	Кирка	f	
Royal Shovel	Королівська лопата	f	
Shovel	Лопата	f	
Royal Watering Can	Королівська лійка	f	
Watering Can	Лійка	f	
Royal Fishing Rod	Королівська вудка	f	
Fishing Rod	Вудка	f	
Royal Net	Королівський сачок	m	
Royal Phone	Королівський телефон	m	
Secret Journal	Таємний щоденник	m	
Time Capsule	Капсула часу	f	
Translation Machine	Перекладальна машина	f	
Enchanted Flower	Зачарована квітка	f	
Dream Spinner	Веретено мрій	n	
Orb of Nurturing	Сфера Плекання	f	
Orb of Remembrance	Сфера Пам'яті	f	
Beach Key	Пляжний ключ	m	
Sea Sand Sparks	Іскри морського піску	pl	
Cash Register Key	Ключ від касового апарата	m	
Winged Boots	Крилаті чоботи	pl	
Contrary Perfume	Парфуми-навпаки	pl	
Spell Pumpkin	Чарівний гарбуз	m	
Substitute Snout	Запасний ніс	m	
Empty Vial	Порожній флакон	m	
Left Handle	Ліва ручка	f	
Right Handle	Права ручка	f	
Trove Clue	Підказка до скарбу	f	
Gilded Stone	Позолочений камінь	m	
Stone Slab	Кам'яна плита	f	
Stone Canvas	Кам'яне полотно	n	
Old Bones	Старі кістки	pl	
Tinkering Parts	Деталі для майстрування	pl	
Iron Ingot	Залізний зливок	m	зливок, never «слиток»
Iron Ingots	Залізні зливки	pl	
Gold Ingots	Золоті зливки	pl	
Wrought Iron	Коване залізо	n	
Dry Wood	Суха деревина	f	
Tropical Wood	Тропічна деревина	f	
Wood	Деревина	f	
Hercules Diary Scrolls	Сувої щоденника Геркулеса	pl	
TripleDent Gum Wrapper	Обгортка жуйки «ТриплДент»	f	
Merchant Papyrus	Папірус торговця	m	
Gaston's Journal	Щоденник Гастона	m	
Jafar's Journal	Щоденник Джафара	m	
Rapunzel's Lyrics	Пісні Рапунцель	pl	
Aurora's Journals	Щоденники Аврори	pl	
Cruella's Journals	Щоденники Круелли	pl	
Three Wildly Jubilant Topiaries	Три шалено радісні топіарії	pl	
Enchanted Pots of Blooming	Зачаровані вазони цвітіння	pl	
Swirling Flower Petal Winds	Вихори квіткових пелюсток	pl	addressed as a character (plural)
Celestial Celebration	Небесне свято	n	
Celestial Base	Небесна підставка	f	figurine base
Purple Base	Фіолетова підставка	f	
Nonsense Party	Вечірка-нісенітниця	f	Alice
Unbirthday Cake	Торт на ненародини	m	"Alice's ""unbirthday"" = ненародини"
Mome Raths	Момрати	pl	Jabberwocky nonsense creatures
Bread and Butterfly	Хлібометелик	m	Alice creature/companion
Festival of Foolishness	Фестиваль Дурощів	m	
Capture the Sun	Захопи Сонце	-	quest title
Circle of Life	Коло життя	n	
Timon Talk	«Тімонові теревені»	pl	Timon's talk show
Monster Movie Night	Вечір фільмів про монстрів	m	
Big Scream TV	Телевізор «Великий Крик»	m	
Big Worry	Велике Хвилювання	n	Inside Out plant
Valley Pirates	Пірати Долини	pl	
Astronomy Club	Астрономічний клуб	m	
Tiny Villagers Society	Товариство крихітних жителів	n	
The Tiny Villagers Society	Товариство крихітних жителів	n	
Shy Villagers Society	Товариство сором'язливих жителів	n	
Advice Box	Скринька порад	f	
Ask Daisy	Запитай Дейзі	-	
Bad-Anon	«Анонімні лиходії»	pl	Wreck-It Ralph villain support group
Frightcade Game	Гра «Жахаркада»	f	fright + arcade pun
Claw Machine	Автомат-хапайка	m	
Game Center	Ігровий центр	m	
Alchemy Table	Алхімічний стіл	m	
Madrigal Table	Стіл Мадригалів	m	Encanto family
Photo Backdrop	Фотофон	m	
Photo Frame	Фоторамка	f	
Compost Bin	Компостер	m	
Hologram Station	Голографічна станція	f	
Hot Dog Cart	Візок із хот-догами	m	
Popcorn Bucket	Відерце попкорну	n	
New Comfort Bear	Новий ведмедик-утішник	m	
Cozy Pillow Fort	Затишна фортеця з подушок	f	
Gingerbread Houses	Пряникові будиночки	pl	
Rustic Clock Tower	Сільська годинникова вежа	f	
Stained Glass Window	Вітражне вікно	n	
Sea Glass Mirror	Дзеркало з морського скла	n	
Moon Headband	Місячний обідок	m	
Masquerade Mask	Маскарадна маска	f	
Mini Flags	Мініпрапорці	pl	
Mini Flag	Мініпрапорець	m	
Glowing Musical Notes	Сяйливі ноти	pl	
Bamboo Fence	Бамбуковий паркан	m	
Side Table	Приставний столик	m	
Coffee Table	Журнальний столик	m	
Kitchen Island	Кухонний острів	m	
Single-Door Counter	Однодверна тумба	f	
Corner Counter	Кутова тумба	f	
Single-Door Top Cupboard	Однодверна навісна шафка	f	
Black Marble Top	стільниця з чорного мармуру	f	
White Marble Top	стільниця з білого мармуру	f	
Gray Marble Top	стільниця з сірого мармуру	f	
Micberry Tree	Дерево мікрофон-ягоди	n	mic + berry pun
Passion Lily	Лілія пристрасті	f	
Special Starfish	Особлива морська зірка	f	
Doggy Donut	Собачий пончик	m	
Spider Stew	Павуча юшка	f	
Pumpkin Soup	Гарбузовий суп	m	
Fruit Salad	Фруктовий салат	m	
Jellied Salad	Желейний салат	m	
Rolling Spaghetti	Спагеті-перекотиполе	n	
Sesame Balls	Кунжутні кульки	pl	
Grecian Baked Fish	Запечена риба по-грецьки	f	
Greek Garum	Грецький гарум	m	
Arendellian Pickled Herring	Еренделльський маринований оселедець	m	Arendelle = Еренделл
Mermaid Cupcakes	Русалчині капкейки	pl	
Hot Cocoa	Гаряче какао	n	
Dream Fizz	Шипучка мрій	f	
Dream Ice Cream	Морозиво мрій	n	
Boba Tea	Бабл-ті	m	
Sea Turtle	морська черепаха	f	
Baby Dragon	Дракончик	m	
Little Sparkles	Маленька Іскорка	f	Pooh-region fairy nickname; speaker: female
Pride Month	Місяць прайду	m	
Valentine's Day	День святого Валентина	m	
New Orleans	Новий Орлеан	m	
Ticket	Квиток	m	
Discord	Discord	-	brand — keep Latin
Tramp's House	Будинок Блудька	m	
Vanellope's House	Будинок Ванеллопи	m	
Ralph's House	Будинок Ральфа	m	
Phil's House	Будинок Філа	m	
Jasmine's House	Будинок Жасмин	m	
Alice's House	Будинок Аліси	m	
Ursula's House	Будинок Урсули	m	
Hades' House	Будинок Аїда	m	
Cruella's House	Будинок Круелли	m	
Aladdin's House	Будинок Аладдіна	m	
Moana's House	Будинок Моани	m	
WALL·E's House	Будинок ВОЛЛ·І	m	
WALL·E's Garden	Сад ВОЛЛ·І	m	
Mister McDuck	містер Макдак	m	= Scrooge
Big Red Monster	Велике червоне чудовисько	n	probably Mei's red panda (Turning Red)
Companions	Компаньйони	pl	
Tiger Cub	Тигреня	n	
Ancient Robot	Давній робот	m	
Baby Bat	Кажаненя	n	
Classic Sea Turtle	Класична морська черепаха	f	colour variants: <колір> + морська черепаха
Brown Sea Turtle	Бура морська черепаха	f	
White Sea Turtle	Біла морська черепаха	f	never «Біломорська»
Purple Sea Turtle	Фіолетова морська черепаха	f	
Black Sea Turtle	Чорна морська черепаха	f	never «Чорноморська»
Celestial Sea Turtle	Небесна морська черепаха	f	
Grizzly Bear Cub	Ведмежа грізлі	n	
Rainbow Bird Snippet	Райдужний пташиний клаптик	m	
Red Bird Snippet	Червоний пташиний клаптик	m	
Blue Bird Snippet	Синій пташиний клаптик	m	
Green Bird Snippet	Зелений пташиний клаптик	m	
Yellow Bird Snippet	Жовтий пташиний клаптик	m	
White Bird Snippet	Білий пташиний клаптик	m	
Shadowy Bird Snippet	Тіньовий пташиний клаптик	m	
Baby Lynx	Рисеня	n	
Witchy Kitty	Відьмине кошеня	n	
Star Command Cat	Кіт Зоряного командування	m	
Calico Kitten	Трикольорове кошеня	n	
Mochi	Моті	m	cat
Scottish Fold Cat	Шотландський висловухий кіт	m	
Choco Crocodile	Шоколадний крокодил	m	
Classic Crocodile	Класичний крокодил	m	
Blue Crocodile	Синій крокодил	m	
Red Crocodile	Червоний крокодил	m	
Golden Crocodile	Золотий крокодил	m	
White Crocodile	Білий крокодил	m	
Pink Crocodile	Рожевий крокодил	m	
Dapper Crocodile	Чепурний крокодил	m	
Blue Whimsical Crocodile	Синій химерний крокодил	m	Whimsical = химерний everywhere
Pink Whimsical Crocodile	Рожевий химерний крокодил	m	
Bountiful Croc	Щедрий крокодил	m	
Pirate Crocodile	Піратський крокодил	m	
Classic Raven	Класичний ворон	m	
Red Raven	Червоний ворон	m	
White Raven	Білий ворон	m	
Blue Raven	Синій ворон	m	
Brown Raven	Бурий ворон	m	
Everafter Demon Snippet	Чортячий клаптик із Вічноказки	m	
Neverafter Demon Snippet	Чортячий клаптик із Лихоказки	m	
Rainbow Demon Snippet	Райдужний чортячий клаптик	m	
Pink Demon Snippet	Рожевий чортячий клаптик	m	
Blue Demon Snippet	Синій чортячий клаптик	m	
Red Demon Snippet	Червоний чортячий клаптик	m	
Green Demon Snippet	Зелений чортячий клаптик	m	
Shadowy Demon Snippet	Тіньовий чортячий клаптик	m	
Wolf Cub	Вовченя	n	
Corgi Puppy	Цуценя коргі	n	
Husky Puppy	Цуценя хаскі	n	
Blooming Puppy	Квітуче цуценя	n	
Sailing Skipper Dachshund	Такса-шкіпер	f	
Shiba Inu	Сіба-іну	m	
Robo Capybara	Робокапібара	f	
Classic Capybara	Класична капібара	f	
Blue Striped Capybara	Синя смугаста капібара	f	
Gray Spotted Capybara	Сіра плямиста капібара	f	
Toon Capybara	Мультяшна капібара	f	Toon = мультяшний everywhere
Flowery Capybara	Квітчаста капібара	f	
Nostalgia Capybara	Ностальгічна капібара	f	
Relaxing Capybara	Розслаблена капібара	f	
Classic Cobra	Класична кобра	f	
Pink Spotted Cobra	Рожева плямиста кобра	f	
Toon Cobra	Мультяшна кобра	f	
Tea Party Monkey	Мавпа з чаювання	f	
Classic Monkey	Класична мавпа	f	
Beige Monkey	Бежева мавпа	f	
Toon Monkey	Мультяшна мавпа	f	
Jester Monkey	Мавпа-блазень	f	
Pirate Monkey	Мавпа-пірат	f	
Lieutenant Monkey	Мавпа-лейтенант	f	
Blue Baby Dragon	Синій дракончик	m	
Red Baby Dragon	Червоний дракончик	m	
Green Baby Dragon	Зелений дракончик	m	
Purple Baby Dragon	Фіолетовий дракончик	m	
Teal Baby Dragon	Бірюзовий дракончик	m	
Knightly Dragon	Лицарський дракон	m	
Sakura Blossom Dragon	Дракон квітучої сакури	m	
Scholarly Baby Dragon	Дракончик-учений	m	Scholarly = учений
Train Conductor Dragon	Дракон-кондуктор	m	
Pink Pegasus	Рожевий пегас	m	
Blue Pegasus	Синій пегас	m	
Yellow Pegasus	Жовтий пегас	m	
Peach Pegasus	Персиковий пегас	m	
Black Pegasus	Чорний пегас	m	
Botanical Pegasus	Ботанічний пегас	m	
Baby Pegasus	Пегасик	m	
Festive Pegasus	Святковий пегас	m	
Pink Baby Pegasus	Рожевий пегасик	m	
Winter Fairy Unicorn	Єдиноріг зимової феї	m	
Brown Owl	Бура сова	f	
Purple Owl	Фіолетова сова	f	
Dark Owl	Темна сова	f	
Light Owl	Світла сова	f	
White Owl	Біла сова	f	
Scholarly Owl	Сова-учена	f	
Witching Owl	Відьмина сова	f	
BamBee	Бджембі	m	Bambi + bee pun
Sweet Bee	Солоденька бджілка	f	
Pink Sweet Bee	Рожева солоденька бджілка	f	
Blue Sweet Bee	Блакитна солоденька бджілка	f	
White Sweet Bee	Біла солоденька бджілка	f	
Skunk	Скунс	m	
Brown Skunk	Бурий скунс	m	
White Skunk	Білий скунс	m	
Patterned Skunk	Візерунчастий скунс	m	
Jester Skunk	Скунс-блазень	m	
Abigail the Goose	Гуска Абігейл	f	
Amelia the Goose	Гуска Амелія	f	
Yeehaw Goose	Гусак «Йі-ха!»	m	
Goose	Гусак	m	companion geese = гусак (m) unless named female
True North Goose	Гусак Справжньої Півночі	m	
Black Goose	Чорний гусак	m	
Golden Goose	Золотий гусак	m	
Blue Goose	Синій гусак	m	
Yellow Goose	Жовтий гусак	m	
Fantasia Broomstick	Мітла з «Фантазії»	f	
The Footstool	Пуфик	m	Beauty and the Beast footstool-dog
Classic Raccoon	Класичний єнот	m	
Red Raccoon	Червоний єнот	m	
Black Raccoon	Чорний єнот	m	
White Raccoon	Білий єнот	m	
Blue Raccoon	Синій єнот	m	
Blue Whimsical Raccoon	Синій химерний єнот	m	
Pink Whimsical Raccoon	Рожевий химерний єнот	m	
Anger Raccoon	Єнот Гнів	m	Inside Out emotions keep the dub names: Радість, Сум, Гнів, Страх, Відраза, Тривога, Заздрість, Нудьга, Сором'язливість
Disgust Raccoon	Єнот Відраза	m	
Fear Raccoon	Єнот Страх	m	
Joy Raccoon	Єнот Радість	m	
Sadness Raccoon	Єнот Сум	m	
Wind-Up Raccoon	Заводний єнот	m	
Snowy Raccoon	Сніжний єнот	m	
Blue Whimsical Fox	Синій химерний лис	m	fox companions = лис (m) everywhere
Pink Whimsical Fox	Рожевий химерний лис	m	
Scholarly Fox	Лис-учений	m	
Fennec Fox	Лис-фенек	m	
Festive Fox	Святковий лис	m	
White Fox	Білий лис	m	
Classic Fox	Класичний лис	m	
Black Fox	Чорний лис	m	
Blue Fox	Синій лис	m	
Red Fox	Рудий лис	m	
"Ghostly ""Zero"" Fox"	Примарний лис «Зеро»	m	
Dancing Lion Fox	Лис у костюмі танцівного лева	m	lion-dance costume
Lion Cub Fox	Лис-«левеня»	m	
Rainbow Fox	Райдужний лис	m	
Regal Fox	Величний лис	m	
Neverafter Frog Snippet	Жаб'ячий клаптик із Лихоказки	m	
Rainbow Frog Snippet	Райдужний жаб'ячий клаптик	m	
Blue Frog Snippet	Синій жаб'ячий клаптик	m	
Pink Frog Snippet	Рожевий жаб'ячий клаптик	m	
Purple Frog Snippet	Фіолетовий жаб'ячий клаптик	m	
Yellow Frog Snippet	Жовтий жаб'ячий клаптик	m	
Shadowy Frog Snippet	Тіньовий жаб'ячий клаптик	m	
Classic Rabbit	Класичний кролик	m	
Black Rabbit	Чорний кролик	m	
Brown Rabbit	Бурий кролик	m	
White Rabbit	Білий кролик	m	
Calico Rabbit	Трикольоровий кролик	m	
Busy Bee Hedgehog	Їжачок-бджілка	m	
Classic Hedgehog	Класичний їжак	m	
Yellow Hedgehog	Жовтий їжак	m	
Green Hedgehog	Зелений їжак	m	
Orange Hedgehog	Помаранчевий їжак	m	
Pink Crochet Pig	Рожеве в'язане порося	n	
Blue Whimsical Rabbit	Синій химерний кролик	m	
Pink Whimsical Rabbit	Рожевий химерний кролик	m	
Envy Rabbit	Кролик Заздрість	m	
Gingerbread Rabbit	Пряниковий кролик	m	
Honey Bunny	Медовий зайчик	m	
Gentle Rabbit	Лагідний кролик	m	
Blue Spring Rabbit	Синій весняний кролик	m	
Pink Spring Rabbit	Рожевий весняний кролик	m	
Yellow Spring Rabbit	Жовтий весняний кролик	m	
Frosty Rabbit	Морозний кролик	m	
Mystical Phoenix	Містичний фенікс	m	
Blue Whimsical Raven	Синій химерний ворон	m	
Pink Whimsical Raven	Рожевий химерний ворон	m	
Ennui Raven	Ворон Нудьга	m	
Purple Fiery Raven	Пурпуровий вогняний ворон	m	
Fiery Raven	Вогняний ворон	m	
Mini Reindeer	Оленятко	n	
Red Sunbird	Червона нектарниця	f	Sunbird = нектарниця
Turquoise Sunbird	Бірюзова нектарниця	f	
Emerald Sunbird	Смарагдова нектарниця	f	
Golden Sunbird	Золота нектарниця	f	
Orchid Sunbird	Орхідейна нектарниця	f	
Blue Whimsical Sunbird	Синя химерна нектарниця	f	
Pink Whimsical Sunbird	Рожева химерна нектарниця	f	
Anxiety Squirrel	Білка Тривога	f	
Blue Whimsical Squirrel	Синя химерна білка	f	
Pink Whimsical Squirrel	Рожева химерна білка	f	
IncrediSquirrel	Супербілка	f	Incredibles = Суперсімейка pun
Magical Squirrel	Чарівна білка	f	
Peppy Popcorn Squirrel	Бадьора попкорн-білка	f	
Scary Squirrel	Страшна білка	f	
Classic Squirrel	Класична білка	f	
Red Squirrel	Руда білка	f	
Gray Squirrel	Сіра білка	f	
Black Squirrel	Чорна білка	f	
White Squirrel	Біла білка	f	
BB-8	BB-8	m	Star Wars droid — keep Latin
R2-D2	R2-D2	m	Star Wars droid — keep Latin
Butterfly Companion	Метелик-компаньйон	m	
Pink Lovebird	Рожевий нерозлучник	m	
Green Lovebird	Зелений нерозлучник	m	
Tart Turtle	Черепаха-тарт	f	
Blue Whimsical Turtle	Синя химерна черепаха	f	
Pink Whimsical Turtle	Рожева химерна черепаха	f	
Embarrassment Turtle	Черепаха Сором'язливість	f	
Rock Star Turtle	Черепаха-рок-зірка	f	
Hermit Garden Turtle	Садова черепаха-відлюдниця	f	
Rosy Cloud Turtle	Черепаха «Рожева хмаринка»	f	
A Bug's Life	Пригоди Фліка	pl	
Adventures in Never Land	Пригоди в Небувалії	pl	
Alice in Wonderland	Аліса в Країні чудес	f	
Wonderland	Країна чудес	f	
Wonderland Realm	Світ Країни чудес	m	
The Aristocats	Коти-аристократи	pl	
Atlantis	Атлантида	f	
Bambi	Бембі	m	
Beauty and the Beast	Красуня і Чудовисько	-	film title only; the character is «Звір»
Beast Realm	Світ Звіра	m	
Big Hero 6	Місто героїв	n	official Ukrainian title (NOT Суперсімка — that is not a title)
Brave	Відважна	f	
Cars	Тачки	pl	
Coco	Коко	n	
Disney	Disney	-	brand; «Дісней» only in inflected prose (у Діснея)
Disney Parks	Парки Disney	pl	
A Day at Disney	День у Disney	m	
Disney Fairies	Феї Disney	pl	
Elemental	Елементаль	m	
The Emperor's New Groove	Нові пригоди імператора	pl	
Encanto	Енканто	n	
Fantasia	Фантазія	f	
Finding Nemo	У пошуках Немо	-	
Frozen	Крижане серце	n	
Hercules Realm	Світ Геркулеса	m	
Hocus Pocus	Фокус-покус	m	
The Incredibles	Суперсімейка	f	
Inside Out	Думками навиворіт	-	
Lady and the Tramp	Леді та Блудько	-	
Lady and the Tramp Realm	Світ «Леді та Блудька»	m	
Tramp Realm	Світ «Леді та Блудька»	m	
Lightyear	Базз Рятівник	m	film tag
Lilo & Stitch	Ліло і Стіч	-	
The Lion King	Король Лев	m	
Lion King	Король Лев	m	
The Lion King Realm	Світ «Короля Лева»	m	
The Little Mermaid	Русалонька	f	
Mickey & Friends	Міккі та друзі	pl	
Monsters, Inc.	Корпорація монстрів	f	
Pirates of the Caribbean	Пірати Карибського моря	pl	
Pixar	Pixar	-	brand — keep Latin
Pixar Fest	Pixar Фест	m	
The Wonder of Pixar	Диво Pixar	n	
Ratatouille	Рататуй	m	
Robin Hood	Робін Гуд	m	
Sleeping Beauty	Спляча красуня	f	
Sleepy Hollow	Сонна Лощина	f	
Star Wars	Зоряні війни	pl	
Tangled	Рапунцель: Заплутана історія	-	franchise tag; the island/area is «Дикі хащі»
The Black Cauldron	Чорний казан	m	
The Great Mouse Detective	Великий мишачий детектив	m	
Toy Story	Історія іграшок	f	
Toy Story Realm	Світ «Історії іграшок»	m	
Tron	Трон	m	
Turning Red	Я — червона панда	-	
Up	Вперед і вгору	-	
Zootopia	Зоотрополіс	m	
Bold	Зухвалий	m	clothing/decor style tags are adjectives, agree with the item
Casual	Повсякденний	m	
Cute	Милий	m	
Elegant	Елегантний	m	
Futuristic	Футуристичний	m	
Halloween	Гелловін	m	
Modern	Сучасний	m	
Professional	Діловий	m	
Quirky	Чудернацький	m	distinct from Whimsical = химерний
Rustic	Сільський	m	
Sporty	Спортивний	m	
Traditional	Традиційний	m	
Whimsicals	Химерні	pl	
Villainous	Лиходійські	pl	villager/companion groups are plural adjectives
Wayfinding	Шукачі шляху	pl	
Enchanted	Зачаровані	pl	
Curious	Допитливі	pl	
Fashionistas	Модники	pl	
Gardenistas	Садівники	pl	
Mythical	Міфічні	pl	
Monstrous	Страховидні	pl	
Haunted	Примарні	pl	
Glitchy	Глюкаві	pl	
Mermaids	Русалки	pl	
Cursed	Прокляті	pl	
Frosty	Морозні	pl	
Magical	Чарівні	pl	
Musical	Музичні	pl	
Artsy	Творчі	pl	
Gourmet	Гурмани	pl	
Villains	Лиходії	pl	
Astonished	Здивований	m	
Laughing	Сміх	m	
Thumbs Up	Клас!	-	
Celestial	Небесне	n	
Centennial	Сторіччя	n	
Elements of Nature	Стихії природи	pl	
Global	Загальне	n	
Special	Особливе	n	
Secret	Секретне	n	
Sky	Небо	n	
Seafaring	Мореплавство	n	
Other	Інше	n	
Misc.	Різне	n	
Essentials	Найнеобхідніше	n	
Enchantments	Чари	pl	
Dapper Delights	Чепурні насолоди	pl	
Garden of Whimsy	Сад химер	m	
Godly Glamor	Божественний гламур	m	
Haunted Holiday	Моторошне свято	n	
Haunting Elegance	Моторошна елегантність	f	
Frost & Fairies	Мороз і феї	-	
Majesty and Magnolias	Велич і магнолії	-	
Paw-fect Romance	Кохання лапа в лапу	n	pun kept
Pop City	Поп-місто	n	
Royal Winter	Королівська зима	f	
Retro Roadtrip	Ретро-мандрівка	f	
Lovely Monsters	Милі монстри	pl	
Astronomer's Journey	Шлях астронома	m	
Oasis Retreat	Відпочинок в оазі	m	
The Night Show	Нічне шоу	n	
Winter Warmth 2025	Зимове тепло 2025	n	
Witchful Thinking 2025	Відьмині мрії 2025	pl	wishful→witchful pun
Once Upon A Time	Жили-були	-	
Once Upon a Time	Жили-були	-	
Hakuna Matata!	Акуна матата!	-	
Wishing on a Star	Бажання до зірки	n	
Avast, Me Hearties!	Агов, мої відчайдухи!	-	
A Pirate's Life	Піратське життя	n	
Once Upon a Dream	Якось уві сні	-	
Bibbidi-Bobbidi-Boo!	Біббіді-боббіді-бу!	-	
Happily Ever After	І жили вони довго й щасливо	-	
'Ohana Means Family	Охана — це сім'я	-	
Thinking Happy Thoughts	Думай про щасливе	-	
Best! Team! Ever!	Найкраща! Команда! У світі!	-	
Oh Phooey!	Тьху ти!	-	Donald
Smarter Than the Smarties	Розумніший за розумників	-	Scrooge's motto
Tougher Than the Toughies	Міцніший за міцняків	-	Scrooge's motto
Part of Your World	Частинкою твого світу	-	
Trolley Operators	Вагоновожаті	pl	
Curiouser and Curiouser...	Дедалі дивніше й дивніше...	-	
Anyone Can Cook!	Готувати може кожен!	-	
Just Keep Swimming!	Просто пливи!	-	
Dreams Come True	Мрії здійснюються	-	
Believe in Magic	Вір у дива	-	
To Infinity and Beyond!	До безмежності й далі!	-	
What's a Motto?	А що таке девіз?	-	
Going the Distance	До самої мети	-	
Be Our Guest	Будь нашим гостем	-	
We're Almost There	Ми вже майже там	-	
Diamonds in the Rough	Неогранені діаманти	pl	
Yes, Chef!	Так, шефе!	-	
Caw! Caw! Roar!	Кар! Кар! Р-р-р!	-	
Friends to All	Друг для всіх	-	
Adventure Is Out There!	Пригоди чекають!	-	
Oh, Bother	Ох, халепа	-	Pooh
Animals	Тварини	pl	
Appetizer	Закуска	f	
Appliance	Побутова техніка	f	
Art	Мистецтво	n	
Back	Спина	f	body slot (backpack/wings), not «Назад»
Bathroom	Ванна кімната	f	
Bats	Кажани	pl	
Beards	Бороди	pl	
Bears	Ведмеді	pl	
Beds	Ліжка	pl	
Bedroom	Спальня	f	
Bees	Бджоли	pl	
Birds	Птахи	pl	
Birthmark	Родимка	f	
Black	Чорний	m	
Blue	Синій	m	
Blush	Рум'яна	pl	
Bracelets	Браслети	pl	
Brown	Коричневий	m	
Capybaras	Капібари	pl	
Ceiling Decoration	Оздоблення стелі	n	
Ceiling Texture	Текстура стелі	f	
Coats	Пальта	pl	
Cobras	Кобри	pl	
Contour	Контур	m	
Costumes	Костюми	pl	
Crocodiles	Крокодили	pl	
Decor	Декор	m	
Dessert	Десерт	m	
Dining Room	Їдальня	f	
Entrée	Основна страва	f	
Dinosaur	Динозавр	m	
Doors	Двері	pl	
Dragons	Дракони	pl	
Dresses	Сукні	pl	
Earrings	Сережки	pl	
Electronics	Електроніка	f	
Eyeball	Очне яблуко	n	
Eyebrows	Брови	pl	
Eyeliner	Підводка	f	
Eye Shadow	Тіні для повік	pl	
Facial Lines	Мімічні зморшки	pl	
Face Paint	Аквагрим	m	
Fence & Paving	Огорожі й доріжки	pl	
Fencing	Огорожі	pl	
Festive	Святкове	n	
Floors	Підлога	f	
Floral	Квітковий	m	
Flourishes	Візерунки	pl	
Foliage	Рослинність	f	
Food	Їжа	f	
Foxes	Лиси	pl	
Freckles	Веснянки	pl	
Fruit	Фрукти	pl	
Geese	Гуси	pl	
Geometric Pattern	Геометричний візерунок	m	
Glasses	Окуляри	pl	
Gloves	Рукавички	pl	
Grain	Зернові	pl	
Gray	Сірий	m	
Green	Зелений	m	
Hairstyle	Зачіска	f	
Hats	Головні убори	pl	
Hedgehogs	Їжаки	pl	
Hose Socks	Панчохи й шкарпетки	pl	
Berry	Ягоди	pl	
Citrus	Цитрусові	pl	
Crudités	Овочева нарізка	f	
Digging	Копання	n	
Ingredient	Інгредієнт	m	
Ingredients	Інгредієнти	pl	
Mineral	Мінерал	m	
Photo Posing	Пози для фото	pl	
Seafood	Морепродукти	pl	
Spice	Спеції	pl	
Starchy	Крохмалисте	n	
Sweet	Солодке	n	
Vegetable	Овочі	pl	
Water Vegetation	Водяні рослини	pl	
Kitchen	Кухня	f	
Landscaping	Ландшафт	m	
Lighting	Освітлення	n	
Lipstick	Помада	f	
Living Room	Вітальня	f	
Masks	Маски	pl	
Material Pattern	Візерунок тканини	m	
Materials	Матеріали	pl	
Meat	М'ясо	n	
Monkeys	Мавпи	pl	
Mustaches	Вуса	pl	
Nature	Природа	f	
Neckwear	На шию	-	
Objects	Об'єкти	pl	
Orange	Помаранчевий	m	
Outdoors	Надворі	-	
Owls	Сови	pl	
Pants	Штани	pl	
Paths	Доріжки	pl	
Pegasuses	Пегаси	pl	
Pink	Рожевий	m	
Protein	Білок	m	
Pupils	Зіниці	pl	never «Учні»
Purple	Фіолетовий	m	
Puzzle	Головоломка	f	
Rabbits	Кролики	pl	
Raccoons	Єноти	pl	
Raccoons (Inside Out)	Єноти («Думками навиворіт»)	pl	
Ravens	Ворони	pl	
Rec Room	Кімната відпочинку	f	
Red	Червоний	m	
Reindeer	Північні олені	pl	
Attractions	Атракціони	pl	
Rocks	Каміння	n	
Rugs	Килими	pl	
Scars	Шрами	pl	
Seating	Сидіння	pl	
Shapes	Форми	pl	
Shoes	Взуття	n	
Shorts	Шорти	pl	
Skirts	Спідниці	pl	
Skunks	Скунси	pl	
Sprint Effect	Ефект бігу	m	
Gliders	Планери	pl	
Squirrels	Білки	pl	
Storage	Зберігання	n	
Stubble	Щетина	f	
Study	Кабінет	m	
Symbols	Символи	pl	
Tables	Столи	pl	
Tops	Верх	m	clothing slot
Any Tree	Будь-яке дерево	n	
Beach Tree	Пляжне дерево	n	
Dark Mountain Tree	Дерево з Темної гори	n	
Forest Tree	Лісове дерево	n	
Meadow Tree	Лугове дерево	n	
Savanna Tree	Дерево савани	n	
Snow Cliff Tree	Дерево засніжених скель	n	
Urban Tree	Міське дерево	n	
Wetland Tree	Болотяне дерево	n	
Trees	Дерева	pl	
Trimmings	Оздоби	pl	
Turtles	Черепахи	pl	
Underbrush	Кущі	pl	
Utilities	Корисне	n	
Wall	Стіна	f	
Wallpaper	Шпалери	pl	
Windows	Вікна	pl	
White	Білий	m	
Yellow	Жовтий	m	
Fragments	Фрагменти	pl	
Events	Події	pl	
Achievements	Досягнення	pl	
Blocked Players	Заблоковані гравці	pl	
Furniture	Меблі	pl	
Characters	Персонажі	pl	
Collection	Колекція	f	
Continue	Продовжити	-	
Credits	Автори	pl	never «Кредити»
Downloadable Content	Завантажуваний вміст	m	
Expansions	Доповнення	pl	
Hide User ID	Приховати ID користувача	-	
Show User ID	Показати ID користувача	-	
Cloud Save	Хмарне збереження	n	
Save to cloud	Зберегти в хмару	-	
Recover Save	Відновити збереження	-	
Restore my most-played save	Відновити збереження з найбільшим часом гри	-	
Reset Profile	Скинути профіль	-	
Map	Карта	f	
Menus	Меню	n	
Multiplayer	Гра по мережі	f	
New Game	Нова гра	f	
Phone	Телефон	m	
Photo	Фото	n	
Roadmap	План розвитку	m	
Settings	Налаштування	pl	
Shop	Магазин	m	
Fast Travel	Швидке переміщення	n	
Exit	Вийти	-	
Not Now	Не зараз	-	
All Areas	Усі місцевості	pl	
Unlock by progressing	Відкривається з проходженням	-	
Advance the story to unlock.	Просувайся сюжетом, щоб відкрити.	-	ти-form
HARVEST GIVES:	УРОЖАЙ:	-	
Gallery {progress}	Галерея {progress}	-	
Level {level}	Рівень {level}	-	
ABILITIES	ЗДІБНОСТІ	-	
All day	Увесь день	-	
AVAILABILITY	ДОСТУПНІСТЬ	-	
Available today	Доступно сьогодні	-	
ENTRY POINT	ТОЧКА ВХОДУ	-	
GROWS IN:	РОСТЕ:	-	
HOURGLASS LEVEL	РІВЕНЬ ПІСОЧНОГО ГОДИННИКА	-	
HOW TO COOK IT	ЯК ПРИГОТУВАТИ	-	
WHERE TO FIND IT	ДЕ ЗНАЙТИ	-	
WHERE TO BUY IT	ДЕ КУПИТИ	-	
MOVEMENT	РУХ	-	
Not available	Недоступно	-	
Not available today	Сьогодні недоступно	-	
Not here today	Сьогодні відсутній	-	
PLAY CONDITION	УМОВА ГРИ	-	
RECIPE	РЕЦЕПТ	-	
RELATED ACTIVITY	ПОВ'ЯЗАНЕ ЗАНЯТТЯ	-	
Schedule:	Розклад:	-	
UNIVERSE & HANGOUT BONUS	СВІТ І БОНУС ВІД КОМПАНІЇ	-	
Unlock at Friendship lv.	Відкривається на рівні дружби	-	
None	Немає	-	
or more	або більше	-	
Replay	Повторити	-	
Board Game	Настільна гра	f	
Clothing Sets	Комплекти одягу	pl	
Crafting	Виготовлення	n	
Critters	Звірята	pl	
Exhibition	Виставка	f	
Fish	Риба	f	
Foraging	Збиральництво	n	
Furniture Sets	Комплекти меблів	pl	
Meals	Страви	pl	
Gems	Самоцвіти	pl	
Mounts	Скакуни	pl	never «Кріплення»
Photo Gallery	Фотогалерея	f	
Quest Puzzles	Головоломки завдань	pl	
